area	method	path
agreements	GET	/api/agreements/agreements
agreements	GET	/api/agreements/agreements/{id}/
agreements	POST	/api/agreements/agreements/sign-batch
agreements	POST	/api/agreements/agreements/{id}/sign
assistant	DELETE	/api/assistant/chat/sessions/{id}
assistant	GET	/api/assistant/auth/users/me
assistant	GET	/api/assistant/chat/sessions
assistant	GET	/api/assistant/chat/sessions/{id}
assistant	POST	/api/assistant/chat/messages/{id}/feedback
assistant	PUT	/api/assistant/auth/users/me/consent
booking	DELETE	/api/booking/bookings/
booking	GET	/api/booking/bookings/my
booking	GET	/api/booking/bookings/statuses
booking	GET	/api/booking/dictionary/rooms/categories
booking	GET	/api/booking/dictionary/rooms/categories?groupId=
booking	GET	/api/booking/dictionary/rooms/groups
booking	GET	/api/booking/rooms/byName
booking	GET	/api/booking/rooms/roomBookings
booking	GET	/api/booking/rooms/roomsInCategory
booking	GET	/api/booking/users/event/mostPopular
booking	GET	/api/booking/users/status
booking	PATCH	/api/booking/bookings/
booking	POST	/api/booking/bookings/
constructor	DELETE	/api/constructor/companies/{id}/file
constructor	DELETE	/api/constructor/programs/{id}/authors/
constructor	DELETE	/api/constructor/programs/{id}/comments/
constructor	DELETE	/api/constructor/programs/{id}/developers/
constructor	DELETE	/api/constructor/programs/{id}/experts/
constructor	DELETE	/api/constructor/programs/{programId}/companies/
constructor	DELETE	/api/constructor/programs/{program}/contents/
constructor	DELETE	/api/constructor/programs/{program}/sources/
constructor	DELETE	/api/constructor/programs/{program}/sources/other/
constructor	GET	/api/constructor/certifications/{id}/assessments/types/
constructor	GET	/api/constructor/certifications/{id}/info
constructor	GET	/api/constructor/certifications/{program}/main_stages
constructor	GET	/api/constructor/certifications/{program}/preparation_stages
constructor	GET	/api/constructor/companies
constructor	GET	/api/constructor/companies/{id}/file
constructor	GET	/api/constructor/disciplines/{id}/info
constructor	GET	/api/constructor/disciplines/{program}/use
constructor	GET	/api/constructor/it_types
constructor	GET	/api/constructor/people/roles
constructor	GET	/api/constructor/people/search/{id}
constructor	GET	/api/constructor/practices/{id}/assessments
constructor	GET	/api/constructor/practices/{id}/content
constructor	GET	/api/constructor/practices/{id}/info
constructor	GET	/api/constructor/practices/{id}/types
constructor	GET	/api/constructor/programs/changes
constructor	GET	/api/constructor/programs/expertise/list
constructor	GET	/api/constructor/programs/list
constructor	GET	/api/constructor/programs/tasks_list
constructor	GET	/api/constructor/programs/{id}/changes
constructor	GET	/api/constructor/programs/{id}/comments
constructor	GET	/api/constructor/programs/{id}/contents/
constructor	GET	/api/constructor/programs/{id}/json
constructor	GET	/api/constructor/programs/{id}/status
constructor	GET	/api/constructor/programs/{program}/sources
constructor	GET	/api/constructor/references/certification_assessment_types
constructor	GET	/api/constructor/references/current_assessments
constructor	GET	/api/constructor/references/education_levels
constructor	GET	/api/constructor/references/fin_attrs
constructor	GET	/api/constructor/references/fin_attrs/{id}/implementers
constructor	GET	/api/constructor/references/formats
constructor	GET	/api/constructor/references/implementers
constructor	GET	/api/constructor/references/intermediate_assessments
constructor	GET	/api/constructor/references/languages
constructor	GET	/api/constructor/references/max_contents
constructor	GET	/api/constructor/references/practice_formats
constructor	GET	/api/constructor/references/practice_forms
constructor	GET	/api/constructor/references/practice_pass_types
constructor	GET	/api/constructor/references/program_types
constructor	GET	/api/constructor/references/statuses
constructor	GET	/api/constructor/references/work_types
constructor	GET	/api/constructor/sources/library/search/
constructor	GET	/api/constructor/tags/search
constructor	GET	/api/constructor/tags/types
constructor	PATCH	/api/constructor/certifications/{program}/assessments/
constructor	PATCH	/api/constructor/certifications/{program}/info
constructor	PATCH	/api/constructor/certifications/{program}/main_stages
constructor	PATCH	/api/constructor/certifications/{program}/preparation_stages
constructor	PATCH	/api/constructor/disciplines/{id}/description
constructor	PATCH	/api/constructor/disciplines/{program}/capacity
constructor	PATCH	/api/constructor/disciplines/{program}/info
constructor	PATCH	/api/constructor/practices/{id}/about
constructor	PATCH	/api/constructor/practices/{id}/description
constructor	PATCH	/api/constructor/practices/{program}/capacity
constructor	PATCH	/api/constructor/practices/{program}/content
constructor	PATCH	/api/constructor/practices/{program}/grades
constructor	PATCH	/api/constructor/practices/{program}/report
constructor	PATCH	/api/constructor/programs/{id}/comments/
constructor	PATCH	/api/constructor/programs/{programId}/experts
constructor	PATCH	/api/constructor/programs/{program}/contents/
constructor	PATCH	/api/constructor/programs/{program}/incoming_tags
constructor	PATCH	/api/constructor/programs/{program}/outcoming_tags
constructor	POST	/api/constructor/certifications/create
constructor	POST	/api/constructor/companies/{id}/file
constructor	POST	/api/constructor/disciplines/create
constructor	POST	/api/constructor/disciplines/{fromProgramId}/
constructor	POST	/api/constructor/disciplines/{id}/create_dpo
constructor	POST	/api/constructor/practices/create
constructor	POST	/api/constructor/programs/{id}/authors
constructor	POST	/api/constructor/programs/{id}/comments
constructor	POST	/api/constructor/programs/{id}/copy
constructor	POST	/api/constructor/programs/{id}/developers
constructor	POST	/api/constructor/programs/{id}/experts
constructor	POST	/api/constructor/programs/{id}/status
constructor	POST	/api/constructor/programs/{programId}/companies
constructor	POST	/api/constructor/programs/{program}/contents/
constructor	POST	/api/constructor/programs/{program}/files
constructor	POST	/api/constructor/programs/{program}/sources
constructor	POST	/api/constructor/programs/{program}/sources/other
constructor	POST	/api/constructor/programs/{program}/status/archive
constructor	POST	/api/constructor/static/image
constructor	POST	/api/constructor/tags/create
constructor-ep	DELETE	/api/constructor-ep/bank/modules/{id}/
constructor-ep	DELETE	/api/constructor-ep/bank/modules/{module}/tree/module/
constructor-ep	DELETE	/api/constructor-ep/companies/{id}/file
constructor-ep	DELETE	/api/constructor-ep/kug/comments/{id}/delete
constructor-ep	DELETE	/api/constructor-ep/programs/{id}/comments/
constructor-ep	DELETE	/api/constructor-ep/programs/{programId}/companies/
constructor-ep	DELETE	/api/constructor-ep/programs/{program}/managers/
constructor-ep	DELETE	/api/constructor-ep/programs/{program}/plan/module/
constructor-ep	GET	/api/constructor-ep/bank/modules/list
constructor-ep	GET	/api/constructor-ep/bank/modules/{id}/info
constructor-ep	GET	/api/constructor-ep/bank/modules/{id}/tree
constructor-ep	GET	/api/constructor-ep/companies
constructor-ep	GET	/api/constructor-ep/companies/{id}/file
constructor-ep	GET	/api/constructor-ep/disciplines/list
constructor-ep	GET	/api/constructor-ep/it_types
constructor-ep	GET	/api/constructor-ep/kug/activities/kug_semesters_dates/{kugId}/
constructor-ep	GET	/api/constructor-ep/kug/by_ep/{id}
constructor-ep	GET	/api/constructor-ep/kug/hours_by_year/{id}/
constructor-ep	GET	/api/constructor-ep/kug/production_calendar/list/by_year/{id}
constructor-ep	GET	/api/constructor-ep/kug/production_calendar/years/list
constructor-ep	GET	/api/constructor-ep/kug/semesters/by_year/{id}
constructor-ep	GET	/api/constructor-ep/kug/semesters/list
constructor-ep	GET	/api/constructor-ep/kug/templates/hours_by_year/{id}/
constructor-ep	GET	/api/constructor-ep/kug/templates/list
constructor-ep	GET	/api/constructor-ep/kug/templates/semesters_dates/{id}/
constructor-ep	GET	/api/constructor-ep/kug/templates/using/{id}
constructor-ep	GET	/api/constructor-ep/kug/templates/validate/{id}
constructor-ep	GET	/api/constructor-ep/kug/templates/{id}
constructor-ep	GET	/api/constructor-ep/kug/templates/{id}/activities
constructor-ep	GET	/api/constructor-ep/kug/validate/{id}
constructor-ep	GET	/api/constructor-ep/kug/{id}/activities
constructor-ep	GET	/api/constructor-ep/kug/{id}/comments
constructor-ep	GET	/api/constructor-ep/people/search/{id}
constructor-ep	GET	/api/constructor-ep/programs/list
constructor-ep	GET	/api/constructor-ep/programs/simple_list
constructor-ep	GET	/api/constructor-ep/programs/tasks_list
constructor-ep	GET	/api/constructor-ep/programs/{id}/comments
constructor-ep	GET	/api/constructor-ep/programs/{id}/info
constructor-ep	GET	/api/constructor-ep/programs/{id}/plan
constructor-ep	GET	/api/constructor-ep/programs/{id}/plan/capacity_sum/by_semesters
constructor-ep	GET	/api/constructor-ep/programs/{id}/status
constructor-ep	GET	/api/constructor-ep/references/activity_types
constructor-ep	GET	/api/constructor-ep/references/attributes
constructor-ep	GET	/api/constructor-ep/references/countries
constructor-ep	GET	/api/constructor-ep/references/directions
constructor-ep	GET	/api/constructor-ep/references/directions?education_level_id={id}
constructor-ep	GET	/api/constructor-ep/references/enrollment_years
constructor-ep	GET	/api/constructor-ep/references/forms
constructor-ep	GET	/api/constructor-ep/references/implementers
constructor-ep	GET	/api/constructor-ep/references/languages
constructor-ep	GET	/api/constructor-ep/references/levels
constructor-ep	GET	/api/constructor-ep/references/partner_universities
constructor-ep	GET	/api/constructor-ep/references/positions
constructor-ep	GET	/api/constructor-ep/references/rule_types
constructor-ep	GET	/api/constructor-ep/references/standards
constructor-ep	GET	/api/constructor-ep/references/standards/blocks
constructor-ep	GET	/api/constructor-ep/references/statuses
constructor-ep	GET	/api/constructor-ep/users/is_admin
constructor-ep	PATCH	/api/constructor-ep/bank/modules/{id}/accessible_programs
constructor-ep	PATCH	/api/constructor-ep/bank/modules/{id}/description
constructor-ep	PATCH	/api/constructor-ep/bank/modules/{module}
constructor-ep	PATCH	/api/constructor-ep/bank/modules/{module}/tree/module/
constructor-ep	PATCH	/api/constructor-ep/kug/comments/{id}/update
constructor-ep	PATCH	/api/constructor-ep/kug/semesters/update
constructor-ep	PATCH	/api/constructor-ep/kug/templates/update_name/{kug}
constructor-ep	PATCH	/api/constructor-ep/programs/{id}/comments/
constructor-ep	PATCH	/api/constructor-ep/programs/{program}
constructor-ep	PATCH	/api/constructor-ep/programs/{program}/annotation
constructor-ep	PATCH	/api/constructor-ep/programs/{program}/kcp
constructor-ep	PATCH	/api/constructor-ep/programs/{program}/managers/
constructor-ep	PATCH	/api/constructor-ep/programs/{program}/mobility
constructor-ep	PATCH	/api/constructor-ep/programs/{program}/note
constructor-ep	PATCH	/api/constructor-ep/programs/{program}/plan/module/
constructor-ep	POST	/api/constructor-ep/bank/modules/create
constructor-ep	POST	/api/constructor-ep/bank/modules/{id}/
constructor-ep	POST	/api/constructor-ep/bank/modules/{module}/approve
constructor-ep	POST	/api/constructor-ep/bank/modules/{module}/archive
constructor-ep	POST	/api/constructor-ep/bank/modules/{module}/revert
constructor-ep	POST	/api/constructor-ep/bank/modules/{module}/tree/module
constructor-ep	POST	/api/constructor-ep/bank/modules/{module}/tree/module/
constructor-ep	POST	/api/constructor-ep/companies/{id}/file
constructor-ep	POST	/api/constructor-ep/kug/activities/create
constructor-ep	POST	/api/constructor-ep/kug/activities/replace
constructor-ep	POST	/api/constructor-ep/kug/add_to_ep/{id}
constructor-ep	POST	/api/constructor-ep/kug/add_to_ep/{kug}
constructor-ep	POST	/api/constructor-ep/kug/order/{dayjs}
constructor-ep	POST	/api/constructor-ep/kug/production_calendar/create/for_year
constructor-ep	POST	/api/constructor-ep/kug/semesters/add
constructor-ep	POST	/api/constructor-ep/kug/templates/activities/create
constructor-ep	POST	/api/constructor-ep/kug/templates/activities/replace
constructor-ep	POST	/api/constructor-ep/kug/templates/create
constructor-ep	POST	/api/constructor-ep/kug/{currentId}/comments/create
constructor-ep	POST	/api/constructor-ep/kug/{kugId}/to_expertise
constructor-ep	POST	/api/constructor-ep/kug/{kugId}/to_revision
constructor-ep	POST	/api/constructor-ep/kug/{kugId}/to_signing
constructor-ep	POST	/api/constructor-ep/kug/{program}/
constructor-ep	POST	/api/constructor-ep/programs/create
constructor-ep	POST	/api/constructor-ep/programs/{id}/comments
constructor-ep	POST	/api/constructor-ep/programs/{programId}/companies
constructor-ep	POST	/api/constructor-ep/programs/{program}/archive
constructor-ep	POST	/api/constructor-ep/programs/{program}/managers
constructor-ep	POST	/api/constructor-ep/programs/{program}/plan/module
constructor-ep	POST	/api/constructor-ep/programs/{program}/plan/module/
constructor-ep	POST	/api/constructor-ep/programs/{program}/plan/to_expertise
constructor-ep	POST	/api/constructor-ep/programs/{program}/plan/to_revision
constructor-ep	POST	/api/constructor-ep/programs/{program}/plan/to_signing
constructor-ep	POST	/api/constructor-ep/programs/{program}/to_isu
dms	GET	/api/dms/citizenships
dms	GET	/api/dms/filters/statuses
dms	GET	/api/dms/me/access
dms	GET	/api/dms/me/request
dms	GET	/api/dms/me/request/contacts
dms	GET	/api/dms/request/list
dms	GET	/api/dms/request/list/{id}
dms	GET	/api/dms/request/{request_id}/files/
dms	POST	/api/dms/me/corp_mail
dms	POST	/api/dms/me/request/null===(c=t.healthInfo
dms	POST	/api/dms/me/request/null===(n=t.healthInfo
dms	POST	/api/dms/me/request/null===(r=t.healthInfo
dms	POST	/api/dms/request/me/null===(n=t.details
dms	POST	/api/dms/request/me/null===(r=t.details
dormitory	DELETE	/api/dormitory/settlement/cancel
dormitory	DELETE	/api/dormitory/settlement/remove
dormitory	GET	/api/dormitory/apartments
dormitory	GET	/api/dormitory/documents
dormitory	GET	/api/dormitory/payments/contracts/periods
dormitory	GET	/api/dormitory/payments/contracts?from={dateFrom}&to=
dormitory	GET	/api/dormitory/settlement/slots
dormitory	GET	/api/dormitory/status/full
dormitory	POST	/api/dormitory/payments/pay
dormitory	POST	/api/dormitory/settlement/change_category
dormitory	POST	/api/dormitory/settlement/register
eduPlan	DELETE	/api/eduPlan/{id}/modules/
eduPlan	DELETE	/api/eduPlan/{planId}/replace/
eduPlan	GET	/api/eduPlan/choice/{planId}
eduPlan	GET	/api/eduPlan/{planId}/modules/
eduPlan	GET	/api/eduPlan/{planId}/replaceable_discs
eduPlan	POST	/api/eduPlan/{id}/modules/
eduPlan	POST	/api/eduPlan/{planId}/modules/
eduPlanNew	GET	/api/eduPlanNew/programs
eduPlanNew	GET	/api/eduPlanNew/study_plan/{planId}
election	GET	/api/election/students/availability
election	GET	/api/election/students/available_disciplines
election	GET	/api/election/students/chosen_flows
election	GET	/api/election/students/limits/flow_groups
election	GET	/api/election/students/limits/flows
election	GET	/api/election/students/ordered_flow_chains
election	GET	/api/election/students/schedule/base/timeline
election	GET	/api/election/students/schedule/flows/{id}/timeline
election	GET	/api/election/students/selected_flow_chains
election	POST	/api/election/students/group_flow_available_disciplines
election	POST	/api/election/students/order/
election	POST	/api/election/students/order/change
election	POST	/api/election/students/order/clear
election	POST	/api/election/students/schedule/combined?date_start={dateStart}&date_end=
election	POST	/api/election/students/schedule/flows/intersections
employments	DELETE	/api/employments/employments/{id}/documents/signed/
employments	GET	/api/employments/employments/
employments	GET	/api/employments/employments/{id}
employments	GET	/api/employments/employments/{id}/briefing
employments	GET	/api/employments/employments/{id}/documents
employments	GET	/api/employments/employments/{id}/documents/signed
employments	GET	/api/employments/employments/{id}/paper_work_book
employments	GET	/api/employments/employments/{id}/rights
employments	GET	/api/employments/employments/{id}/signers
employments	GET	/api/employments/references/departments
employments	GET	/api/employments/references/employment_stop_reasons
employments	GET	/api/employments/references/fixed_term_reasons
employments	GET	/api/employments/references/staff_units
employments	POST	/api/employments/employments/
employments	POST	/api/employments/employments/{id}/approve
employments	POST	/api/employments/employments/{id}/briefing/approve
employments	POST	/api/employments/employments/{id}/contract
employments	POST	/api/employments/employments/{id}/contract/file
employments	POST	/api/employments/employments/{id}/documents/
employments	POST	/api/employments/employments/{id}/documents/approve
employments	POST	/api/employments/employments/{id}/documents/reject
employments	POST	/api/employments/employments/{id}/documents/send
employments	POST	/api/employments/employments/{id}/documents/signed/upload
employments	POST	/api/employments/employments/{id}/paper_work_book/approve
employments	POST	/api/employments/employments/{id}/reject
employments	POST	/api/employments/employments/{id}/stop
facultative	GET	/api/facultative/current/
facultative	GET	/api/facultative/current/{isu}
facultative	GET	/api/facultative/description/
facultative	GET	/api/facultative/description/start/
facultative	GET	/api/facultative/json/
facultative	GET	/api/facultative/json/{isu}
facultative	GET	/api/facultative/limits/
facultative	GET	/api/facultative/limits/{id}
facultative	GET	/api/facultative/schedule/flow/{flowId}/
facultative	GET	/api/facultative/schedule/flow/{id}/
facultative	GET	/api/facultative/schedule/user/
facultative	GET	/api/facultative/status/
facultative	POST	/api/facultative/booking/
facultative	POST	/api/facultative/commit/
finances	GET	/api/finances/edupayments/availability
finances	GET	/api/finances/edupayments/contracts
finances	GET	/api/finances/edupayments/payments
finances	GET	/api/finances/salary/current
finances	GET	/api/finances/salary/payouts
finances	GET	/api/finances/salary/payouts/last
finances	GET	/api/finances/salary/payouts/month
finances	GET	/api/finances/salary/payouts/total
finances	GET	/api/finances/salary/payouts/total?dateFrom={id}&dateTo=
finances	GET	/api/finances/salary/year
finances	GET	/api/finances/scholarship/account
finances	GET	/api/finances/scholarship/income
finances	GET	/api/finances/scholarship/total
finances	GET	/api/finances/scholarship/total?dateFrom={id}&dateTo=
finances	POST	/api/finances/edupayments/payments/pay
gia	DELETE	/api/gia/chairman/{chairman_id}
gia	DELETE	/api/gia/experts/reject/{expertId}
gia	DELETE	/api/gia/experts/{id}
gia	DELETE	/api/gia/general_state_coordinator
gia	DELETE	/api/gia/secretaries/decline
gia	GET	/api/gia/attachment/eu/list
gia	GET	/api/gia/attachment/eu/null===(t=this.diplomaInfo
gia	GET	/api/gia/attachment/students/file
gia	GET	/api/gia/attachment/students/list
gia	GET	/api/gia/attachment/students/{id}
gia	GET	/api/gia/chairman/ep_missing
gia	GET	/api/gia/chairman/list
gia	GET	/api/gia/chairman/list/simple
gia	GET	/api/gia/chairman/null==t?void 0:t.chairman_id/represent
gia	GET	/api/gia/chairman/order
gia	GET	/api/gia/committees
gia	GET	/api/gia/committees/chairmen
gia	GET	/api/gia/committees/edu-directions
gia	GET	/api/gia/committees/edu-programs
gia	GET	/api/gia/committees/experts
gia	GET	/api/gia/committees/filters
gia	GET	/api/gia/committees/general-state-committees
gia	GET	/api/gia/committees/general-state-committees/filters
gia	GET	/api/gia/committees/{id}
gia	GET	/api/gia/diplomas/monitoring
gia	GET	/api/gia/diplomas/monitoring/filters
gia	GET	/api/gia/diplomas/monitoring/stage
gia	GET	/api/gia/diplomas/monitoring/stage/filters
gia	GET	/api/gia/diplomas/null===(n=t.diploma
gia	GET	/api/gia/diplomas/null===(r=t.diploma
gia	GET	/api/gia/diplomas/print/list
gia	GET	/api/gia/diplomas/review/supervisor/count
gia	GET	/api/gia/diplomas/stage/onApproval/count
gia	GET	/api/gia/diplomas/{diploma_id}/download/
gia	GET	/api/gia/diplomas/{diploma}/antiplagiat/verification-report
gia	GET	/api/gia/diplomas/{id}/antiplagiat/status
gia	GET	/api/gia/diplomas/{id}/history
gia	GET	/api/gia/diplomas/{id}/student
gia	GET	/api/gia/ep/students
gia	GET	/api/gia/ep/students?ep_id={id}
gia	GET	/api/gia/ep/{id}/groups
gia	GET	/api/gia/experts
gia	GET	/api/gia/experts/exists
gia	GET	/api/gia/experts/organization
gia	GET	/api/gia/experts/simple
gia	GET	/api/gia/experts/{id}
gia	GET	/api/gia/filters/attachment/credits
gia	GET	/api/gia/filters/chairman/dir
gia	GET	/api/gia/filters/chairman/ep
gia	GET	/api/gia/filters/chairman/faculties
gia	GET	/api/gia/filters/directions
gia	GET	/api/gia/filters/edu-levels
gia	GET	/api/gia/filters/employed
gia	GET	/api/gia/filters/ep
gia	GET	/api/gia/filters/experts
gia	GET	/api/gia/filters/faculties
gia	GET	/api/gia/filters/groups
gia	GET	/api/gia/filters/order-types
gia	GET	/api/gia/filters/secretaries
gia	GET	/api/gia/filters/statuses
gia	GET	/api/gia/filters/students
gia	GET	/api/gia/filters/years
gia	GET	/api/gia/general_state_coordinator/list
gia	GET	/api/gia/orders/list
gia	GET	/api/gia/orders/students/list
gia	GET	/api/gia/people/search
gia	GET	/api/gia/presentations
gia	GET	/api/gia/presentations/committees
gia	GET	/api/gia/presentations/defense-types
gia	GET	/api/gia/presentations/edu-programs
gia	GET	/api/gia/presentations/filters
gia	GET	/api/gia/presentations/general-state
gia	GET	/api/gia/presentations/general-state/filters
gia	GET	/api/gia/presentations/null==t?void 0:t.presentation_id/students/
gia	GET	/api/gia/presentations/secretary
gia	GET	/api/gia/presentations/students
gia	GET	/api/gia/presentations/students/{id}/main-info
gia	GET	/api/gia/presentations/{id}
gia	GET	/api/gia/references/academic-titles
gia	GET	/api/gia/references/degree-types
gia	GET	/api/gia/references/edu-levels
gia	GET	/api/gia/references/grades
gia	GET	/api/gia/references/organization-registries
gia	GET	/api/gia/references/organization-statuses
gia	GET	/api/gia/reviewers/appointments
gia	GET	/api/gia/reviewers/appointments/filters
gia	GET	/api/gia/reviewers/diplomas/{id}/student
gia	GET	/api/gia/reviewers/reviewers
gia	GET	/api/gia/reviewers/students
gia	GET	/api/gia/reviewers/students/filters
gia	GET	/api/gia/reviewers/students/search
gia	GET	/api/gia/reviewers/{id}
gia	GET	/api/gia/reviewers/{reviewer_id}/students
gia	GET	/api/gia/secretaries/list
gia	GET	/api/gia/secretaries/list_ogek
gia	GET	/api/gia/secretaries/my_students
gia	GET	/api/gia/secretaries/students/unassigned
gia	GET	/api/gia/users/status
gia	PATCH	/api/gia/chairman/{chairman_id}
gia	PATCH	/api/gia/committees/null===(f=t.composition
gia	PATCH	/api/gia/committees/null===(v=t.composition
gia	PATCH	/api/gia/committees/{composition}/status
gia	PATCH	/api/gia/diplomas/print/{diploma_id}/number
gia	PATCH	/api/gia/experts/{id}
gia	PATCH	/api/gia/presentations/null===(at=e.info
gia	PATCH	/api/gia/presentations/{dayId}/status
gia	PATCH	/api/gia/presentations/{id}/status
gia	PATCH	/api/gia/presentations/{schedule}/students
gia	PATCH	/api/gia/presentations/{schedule}/students/
gia	PATCH	/api/gia/presentations/{schedule}/students/marks
gia	PATCH	/api/gia/presentations/{schedule}/students/order
gia	PATCH	/api/gia/reviewers/{reviewer_id}
gia	POST	/api/gia/attachment/rollback/{id}/
gia	POST	/api/gia/attachment/students/{supplement}/sync_confirmed_discs
gia	POST	/api/gia/chairman
gia	POST	/api/gia/chairman/null==t?void 0:t.chairman_id/approve
gia	POST	/api/gia/chairman/{chairman_id}/approve
gia	POST	/api/gia/chairman/{personIds}/decline
gia	POST	/api/gia/committees
gia	POST	/api/gia/committees/{composition}/revoke
gia	POST	/api/gia/diplomas/null===(n=t.diploma
gia	POST	/api/gia/diplomas/print/{diploma_id}
gia	POST	/api/gia/diplomas/print/{diploma_id}/scan
gia	POST	/api/gia/experts
gia	POST	/api/gia/experts/approve/{expertId}
gia	POST	/api/gia/experts/approve/{expert_id}
gia	POST	/api/gia/experts/approve/{id}
gia	POST	/api/gia/experts/under-approval/{expertId}
gia	POST	/api/gia/experts/under-approval/{expert_id}
gia	POST	/api/gia/experts/under-approval/{id}
gia	POST	/api/gia/general_state_coordinator
gia	POST	/api/gia/orders/
gia	POST	/api/gia/people/snils
gia	POST	/api/gia/presentations
gia	POST	/api/gia/presentations/null===(n=t.info
gia	POST	/api/gia/presentations/{id}/committees
gia	POST	/api/gia/presentations/{schedule}/marks/approve
gia	POST	/api/gia/presentations/{schedule}/revoke
gia	POST	/api/gia/reviewers
gia	POST	/api/gia/reviewers/appoint/students
gia	POST	/api/gia/reviewers/edit-restriction
gia	POST	/api/gia/reviewers/notify
gia	POST	/api/gia/reviewers/register
gia	POST	/api/gia/secretaries
gia	POST	/api/gia/secretaries/approve
gia	PUT	/api/gia/diplomas/null===(n=t.diploma
gia	PUT	/api/gia/diplomas/statuses
gia	PUT	/api/gia/diplomas/{diploma}/
gia	PUT	/api/gia/diplomas/{diploma}/antiplagiat/info
gia-students	DELETE	/api/gia-students/attachment/{diplomaId}/eu
gia-students	DELETE	/api/gia-students/diplomas/{diploma}/presentation/extra-files/
gia-students	DELETE	/api/gia-students/diplomas/{diploma}/presentations/
gia-students	DELETE	/api/gia-students/diplomas/{diploma}/revoke
gia-students	GET	/api/gia-students/attachment/{id}
gia-students	GET	/api/gia-students/attachment/{id}/eu
gia-students	GET	/api/gia-students/diplomas/my
gia-students	GET	/api/gia-students/diplomas/{diploma}/file/antiplagiat/report
gia-students	GET	/api/gia-students/diplomas/{diploma}/file/download/
gia-students	GET	/api/gia-students/diplomas/{id}/annotation
gia-students	GET	/api/gia-students/diplomas/{id}/application
gia-students	GET	/api/gia-students/diplomas/{id}/file
gia-students	GET	/api/gia-students/diplomas/{id}/info
gia-students	GET	/api/gia-students/diplomas/{id}/presentation
gia-students	GET	/api/gia-students/diplomas/{id}/presentations/possible
gia-students	GET	/api/gia-students/diplomas/{id}/task
gia-students	GET	/api/gia-students/me/grants
gia-students	GET	/api/gia-students/me/publications
gia-students	GET	/api/gia-students/me/speeches
gia-students	GET	/api/gia-students/people
gia-students	GET	/api/gia-students/people/
gia-students	GET	/api/gia-students/references/academic-titles
gia-students	GET	/api/gia-students/references/agreement
gia-students	GET	/api/gia-students/references/degree-types
gia-students	GET	/api/gia-students/references/diploma-types
gia-students	GET	/api/gia-students/references/organization-statuses
gia-students	GET	/api/gia-students/references/statuses
gia-students	GET	/api/gia-students/users/status
gia-students	POST	/api/gia-students/attachment/approve/{id}/
gia-students	POST	/api/gia-students/attachment/{diplomaId}/eu/init_payment
gia-students	POST	/api/gia-students/attachment/{id}/eu
gia-students	POST	/api/gia-students/attachment/{id}/eu/approve
gia-students	POST	/api/gia-students/attachment/{id}/eu/rollback
gia-students	POST	/api/gia-students/diplomas/{diploma}/agreement
gia-students	POST	/api/gia-students/diplomas/{diploma}/presentation/extra-files
gia-students	POST	/api/gia-students/diplomas/{diploma}/presentations/
gia-students	PUT	/api/gia-students/diplomas/{diploma}/annotation
gia-students	PUT	/api/gia-students/diplomas/{diploma}/application
gia-students	PUT	/api/gia-students/diplomas/{diploma}/file
gia-students	PUT	/api/gia-students/diplomas/{diploma}/presentation/file
gia-students	PUT	/api/gia-students/diplomas/{diploma}/task
individual-plan	DELETE	/api/individual-plan/plan/{id}/draft
individual-plan	DELETE	/api/individual-plan/plan/{id}/module/
individual-plan	GET	/api/individual-plan/flags
individual-plan	GET	/api/individual-plan/plan
individual-plan	GET	/api/individual-plan/plan/directions
individual-plan	GET	/api/individual-plan/plan/implementers
individual-plan	GET	/api/individual-plan/plan/programs
individual-plan	GET	/api/individual-plan/plan/role
individual-plan	GET	/api/individual-plan/plan/statuses
individual-plan	GET	/api/individual-plan/plan/{id}
individual-plan	GET	/api/individual-plan/plan/{id}/availableDisciplines
individual-plan	GET	/api/individual-plan/plan/{id}/changes
individual-plan	GET	/api/individual-plan/plan/{id}/discipline/
individual-plan	GET	/api/individual-plan/plan/{id}/draft
individual-plan	GET	/api/individual-plan/plan/{id}/lowerModules
individual-plan	GET	/api/individual-plan/plan/{id}/plan
individual-plan	GET	/api/individual-plan/plan/{id}/semesters
individual-plan	GET	/api/individual-plan/plan/{id}/upperModules
individual-plan	GET	/api/individual-plan/semesters/current
individual-plan	PATCH	/api/individual-plan/plan/{id}/module/
individual-plan	POST	/api/individual-plan/plan
individual-plan	POST	/api/individual-plan/plan/{id}/draft
individual-plan	POST	/api/individual-plan/plan/{id}/draft/save
individual-plan	POST	/api/individual-plan/plan/{id}/module
individual-plan	POST	/api/individual-plan/plan/{id}/module/
individual-plan	POST	/api/individual-plan/plan/{id}/plan/validate/personal-plan-content
individual-plan	POST	/api/individual-plan/plan/{id}/plan/validate/plan-content
individual-plan	POST	/api/individual-plan/plan/{id}/plan/validate/selection
intro	GET	/api/intro/current/
intro	GET	/api/intro/current/{isu}
intro	GET	/api/intro/description/
intro	GET	/api/intro/description/start/
intro	GET	/api/intro/json/
intro	GET	/api/intro/json/{isu}
intro	GET	/api/intro/limits/
intro	GET	/api/intro/limits/{id}
intro	GET	/api/intro/schedule/flow/{flowId}/
intro	GET	/api/intro/schedule/flow/{id}/
intro	GET	/api/intro/schedule/user/
intro	GET	/api/intro/status/
intro	POST	/api/intro/booking/
intro	POST	/api/intro/commit/
navigator	GET	/api/navigator/buildings
navigator	GET	/api/navigator/buildings/{building_id}/transition
navigator	GET	/api/navigator/style
personalities	GET	/api/personalities/persons
personalities	GET	/api/personalities/persons/{id}
personalities	GET	/api/personalities/persons/{id}/activities
practices	DELETE	/api/practices/ind_task/cancel
practices	DELETE	/api/practices/ind_task/stage/delete
practices	GET	/api/practices/feedback/head?id={id}
practices	GET	/api/practices/ind_task?id={id}
practices	GET	/api/practices/practices/all
practices	GET	/api/practices/practices/op
practices	GET	/api/practices/practices?id={id}
practices	GET	/api/practices/report/emp_stats
practices	GET	/api/practices/report/grades
practices	GET	/api/practices/report/types
practices	GET	/api/practices/report?id={id}
practices	POST	/api/practices/ind_task/approve
practices	POST	/api/practices/ind_task/create
practices	POST	/api/practices/ind_task/stage/add
practices	POST	/api/practices/practices/{id}/application
practices	POST	/api/practices/report/approve
practices	POST	/api/practices/report/create
practices	PUT	/api/practices/ind_task/create
practices	PUT	/api/practices/ind_task/stage/update
practices	PUT	/api/practices/report/update
queues	DELETE	/api/queues/
queues	GET	/api/queues/
queues	GET	/api/queues/archive
queues	GET	/api/queues/current
queues	GET	/api/queues/slots
queues	POST	/api/queues/
record_book	GET	/api/record_book/specializations
record_book	GET	/api/record_book/{currentPlan}/
record_book	GET	/api/record_book/{id}
requests	DELETE	/api/requests/my/{requestId}
requests	DELETE	/api/requests/v2/access-definitions/{selectedCode}
requests	DELETE	/api/requests/v2/admin/process-instances/{id}
requests	DELETE	/api/requests/v2/categories/{id}
requests	DELETE	/api/requests/v2/dictionaries/admin/{selectedCode}
requests	DELETE	/api/requests/v2/platform-roles/{id}
requests	DELETE	/api/requests/v2/processes/{id}
requests	GET	/api/requests/all
requests	GET	/api/requests/dict/{dictId}
requests	GET	/api/requests/my
requests	GET	/api/requests/my/{requestId}
requests	GET	/api/requests/my/{requestId}/download
requests	GET	/api/requests/v2/access-definitions
requests	GET	/api/requests/v2/access-definitions/admin-access
requests	GET	/api/requests/v2/access-definitions/options
requests	GET	/api/requests/v2/access-definitions/{code}
requests	GET	/api/requests/v2/admin/process-instances
requests	GET	/api/requests/v2/admin/process-instances/{id}
requests	GET	/api/requests/v2/categories
requests	GET	/api/requests/v2/context-enrichments
requests	GET	/api/requests/v2/dictionaries
requests	GET	/api/requests/v2/dictionaries/admin
requests	GET	/api/requests/v2/dictionaries/admin-access
requests	GET	/api/requests/v2/forms
requests	GET	/api/requests/v2/forms/{id}
requests	GET	/api/requests/v2/platform-roles
requests	GET	/api/requests/v2/platform-roles/me
requests	GET	/api/requests/v2/prefills
requests	GET	/api/requests/v2/processes
requests	GET	/api/requests/v2/processes/{id}
requests	GET	/api/requests/v2/requests/mine
requests	GET	/api/requests/v2/requests/my-tasks
requests	GET	/api/requests/v2/requests/observed
requests	GET	/api/requests/v2/requests/observed/types
requests	GET	/api/requests/v2/requests/task-counts
requests	GET	/api/requests/v2/requests/{id}
requests	GET	/api/requests/v2/tasks
requests	GET	/api/requests/v2/tasks/mine/by-request/{id}
requests	GET	/api/requests/v2/tasks/mine/request-ids
requests	GET	/api/requests/v2/users
requests	GET	/api/requests/{requestId}
requests	POST	/api/requests/form_update
requests	POST	/api/requests/send
requests	POST	/api/requests/upload
requests	POST	/api/requests/v2/access-definitions/test
requests	POST	/api/requests/v2/access-definitions/{selectedCode}
requests	POST	/api/requests/v2/admin/process-instances/{id}
requests	POST	/api/requests/v2/dictionaries/test
requests	POST	/api/requests/v2/forms
requests	POST	/api/requests/v2/processes/deploy
requests	POST	/api/requests/v2/processes/draft
requests	POST	/api/requests/v2/processes/{id}
requests	POST	/api/requests/v2/requests
requests	POST	/api/requests/v2/tasks/{id}/complete
requests	PUT	/api/requests/v2/access-definitions
requests	PUT	/api/requests/v2/access-definitions/{code}
requests	PUT	/api/requests/v2/categories
requests	PUT	/api/requests/v2/dictionaries/admin
requests	PUT	/api/requests/v2/forms/{id}
requests	PUT	/api/requests/v2/platform-roles/{userId}
requests	PUT	/api/requests/v2/processes/{id}
schedule	GET	/api/schedule/meta/time_slots
schedule	GET	/api/schedule/schedule/personal
schedule	GET	/api/schedule/subjects
services	GET	/api/services/adviser/filters/course
services	GET	/api/services/adviser/filters/groups
services	GET	/api/services/adviser/filters/op
services	GET	/api/services/adviser/services/choice/{isu}/
services	GET	/api/services/adviser/services/person_plan/{isu}/
services	GET	/api/services/adviser/services/program/
services	GET	/api/services/adviser/services/record_book/details?est_id={estId}&isu=
services	GET	/api/services/adviser/services/record_book/specializations?isu={id}
services	GET	/api/services/adviser/services/record_book/{currentPlan}/
services	GET	/api/services/adviser/services/replace/{isu}/
services	GET	/api/services/adviser/services/schedule
services	GET	/api/services/adviser/students
services	GET	/api/services/adviser/students/{id}
services	GET	/api/services/adviser/students/{id}/activities
services	GET	/api/services/adviser/students/{isu}/scholarship
services	GET	/api/services/checklist/bypass
sign	GET	/api/sign/goskey/order/
sign	GET	/api/sign/kontur/certificates/my
sign	GET	/api/sign/tasks/{id}
sign	GET	/api/sign/tasks/{taskId}/files/source
sign	POST	/api/sign/goskey/sign
sign	POST	/api/sign/kontur/sign
sign	POST	/api/sign/kontur/sign/{id}/confirm?code=
sign	POST	/api/sign/reject
sign	POST	/api/sign/sign
sign	POST	/api/sign/tasks/{taskId}/signatures/
sport	DELETE	/api/sport/sign/competitions/{id}
sport	DELETE	/api/sport/sign/projects/{id}
sport	DELETE	/api/sport/sign/schedule/lesson_groups/{id}
sport	DELETE	/api/sport/sign/schedule/lessons
sport	GET	/api/sport/competitions/list
sport	GET	/api/sport/competitions/list/limits
sport	GET	/api/sport/personal/briefing/list
sport	GET	/api/sport/personal/briefing/{id}/signed
sport	GET	/api/sport/personal/calendar?date_start={dateStart}&date_end=
sport	GET	/api/sport/personal/debt
sport	GET	/api/sport/personal/externat
sport	GET	/api/sport/personal/have_attempts
sport	GET	/api/sport/personal/health_level
sport	GET	/api/sport/personal/open_form/ranks
sport	GET	/api/sport/personal/open_form?section=
sport	GET	/api/sport/personal/score
sport	GET	/api/sport/personal/selections
sport	GET	/api/sport/personal/sign_attempts
sport	GET	/api/sport/projects/list
sport	GET	/api/sport/semesters/current
sport	GET	/api/sport/semesters/list
sport	GET	/api/sport/sign/chosen
sport	GET	/api/sport/sign/schedule/filters
sport	GET	/api/sport/sign/schedule/lessons/{id}/other
sport	GET	/api/sport/sign/schedule/limits
sport	GET	/api/sport/sign/schedule?{id}
sport	GET	/api/sport/sport_types
sport	GET	/api/sport/time_slots
sport	POST	/api/sport/briefing/{id}/sign
sport	POST	/api/sport/personal/briefing
sport	POST	/api/sport/sign/competitions/{id}
sport	POST	/api/sport/sign/projects/{id}
sport	POST	/api/sport/sign/schedule/lesson_groups/{id}
sport	POST	/api/sport/sign/schedule/lessons
system	GET	/api/system/dashboard
system	GET	/api/system/v1/menu/items
system	GET	/api/system/v1/menu/services
vacation	DELETE	/api/vacation/me/vacations/{id}
vacation	GET	/api/vacation/calendar
vacation	GET	/api/vacation/employees
vacation	GET	/api/vacation/filters
vacation	GET	/api/vacation/filters/assigned
vacation	GET	/api/vacation/filters/people
vacation	GET	/api/vacation/filters/personal
vacation	GET	/api/vacation/filters/positions
vacation	GET	/api/vacation/filters/types
vacation	GET	/api/vacation/filters/uto_reasons
vacation	GET	/api/vacation/me/access
vacation	GET	/api/vacation/me/balance
vacation	GET	/api/vacation/me/calendar
vacation	GET	/api/vacation/me/vacation_conflict_with_days
vacation	GET	/api/vacation/me/vacations
vacation	GET	/api/vacation/me/vacations/upcoming
vacation	GET	/api/vacation/pending-approval
vacation	GET	/api/vacation/pending-approval/count
vacation	GET	/api/vacation/pending-approval/{id}
vacation	GET	/api/vacation/unapproved-vacations
vacation	GET	/api/vacation/vacations
vacation	PATCH	/api/vacation/vacation/{id}/reject
vacation	PATCH	/api/vacation/vacations/approve
vacation	POST	/api/vacation/me/vacations
vacation	POST	/api/vacation/me/vacations/uto
